,url,autor,fecha,titulo,subtitulo,resumen,tags
0,https://www.pagina12.com.ar/530532-jonah-schwartz-un-banjo-contra-el-bajon,Por Julia González,2023-03-10,"Jonah Schwartz, un banjo contra el bajón","El ex Los Alamos, Springlizard, Val Veneto y Los Palos Borrachos reactiva Diente de Madera","Mañana toca para presentar Sand, segundo EP de su proyecto folk, que incorpora sonidos, instrumentos y técnicas de la India.",[]
1,https://carasycaretas.org.ar/2023/03/06/el-sol-rojo-del-25/,No se pudo obtener el autor,No se pudo obtener la fecha,Caras y Caretas,No se pudo obtener el subtitulo,No se pudo obtener el resumen,[]
2,https://www.pagina12.com.ar/530507-melita-ruth-martin-carrasco-francisca-delica-torres,No se pudo obtener el autor,2023-03-11,"Melita Ruth Martín Carrasco, Francisca Delica Torres",Los recordatorios de hoy,"Desde hace más de 30 años, Página/12 publica a diario los recordatorios de los desaparecidos y las desaparecidas que sus familias y amigos acercan a nuestra redacción en cada aniversario. Con el mismo compromiso que hemos asumido en todos estos años, ahora también tienen un lugar en nuestra web",[]
3,https://www.pagina12.com.ar/529115-la-guerra-rusia-ucrania-minuto-a-minuto,No se pudo obtener el autor,2023-03-10,"La guerra Rusia-Ucrania, minuto a minuto",Rusia volvió a atacar Zaporiyia,"El Ejército ruso ataco de nuevo en la noche del jueves la región ucraniana de Zaporiyia y su capital homónima, donde se encuentra la mayor central nuclear de Europa. Nuevamente miles de personas quedaron sin energía eléctrica.","['Conflicto Rusia Ucrania', 'Vladimir Putin', 'Volodimir Zelenski', 'Conflicto Rusia Ucrania', 'Vladimir Putin', 'Volodimir Zelenski']"
4,https://www.pagina12.com.ar/suplementos/cultura-y-espectaculos,No se pudo obtener el autor,No se pudo obtener la fecha,No se pudo obtener el título,No se pudo obtener el subtitulo,No se pudo obtener el resumen,[]
5,https://www.pagina12.com.ar/530297-nueve-intendentes-ya-se-bajaron-de-la-reeleccion,No se pudo obtener el autor,2023-03-09,Nueve intendentes ya se bajaron de la reelección,Quiénes son los bonaerenses que no continuarán en sus municipios,"Cinco autoexcluidos y cuatro por presentarse como precandidatos a otro cargo, hoy conforman el primer grupo que no reelegirá. ¿Quiénes podrían tomar el mismo camino? ","['intendentes bonaerenses', 'Elecciones 2023', 'Municipios', 'intendentes bonaerenses', 'Elecciones 2023', 'Municipios']"
6,https://www.pagina12.com.ar/autores/1992-carolina-prieto,No se pudo obtener el autor,No se pudo obtener la fecha,Carolina Prieto,No se pudo obtener el subtitulo,No se pudo obtener el resumen,[]
7,https://www.pagina12.com.ar/autores/218948-elena-corvalan,No se pudo obtener el autor,No se pudo obtener la fecha,Elena Corvalan,No se pudo obtener el subtitulo,No se pudo obtener el resumen,[]
8,https://elplanetaurbano.com/2023/03/shakira-si-es-cuestion-de-confesar-me-he-creido-esa-fabula-de-que-una-mujer-definitivamente-necesita-a-un-hombre/,No se pudo obtener el autor,2021-08-10,"Shakira, si es cuestión de confesar: ""Me he creído esa fábula de que una mujer definitivamente necesita a un hombre""",No se pudo obtener el subtitulo,No se pudo obtener el resumen,[]
9,https://www.pagina12.com.ar/secciones/deportes,No se pudo obtener el autor,No se pudo obtener la fecha,No se pudo obtener el título,No se pudo obtener el subtitulo,No se pudo obtener el resumen,[]
10,https://www.pagina12.com.ar/secciones/el-pais,No se pudo obtener el autor,No se pudo obtener la fecha,El país,No se pudo obtener el subtitulo,No se pudo obtener el resumen,[]
11,https://octubretv.com/videos/peliculas/lea-y-mira-dejan-su-huella/,No se pudo obtener el autor,No se pudo obtener la fecha,Access denied,No se pudo obtener el subtitulo,No se pudo obtener el resumen,[]
12,https://www.pagina12.com.ar/523155-asoma-el-holocausto-nuclear-detras-de-la-guerra-rusia-ucrani,No se pudo obtener el autor,2023-02-11,Asoma el holocausto nuclear detrás de la guerra Rusia - Ucrania,¿Adiós a Europa?,"El reconocido sociólogo portugués explica cómo el continente con más muertes en conflictos bélicos en los últimos cien años, se encamina hacia uno aún más fatal. Como en la década de 1930, la apología del fascismo se hace en nombre de la democracia y la apología de la guerra se hace en nombre de la paz.","['Conflicto Rusia Ucrania', 'Conflicto Rusia Ucrania']"
13,https://www.pagina12.com.ar/530327-vialidad-1-616-paginas-que-no-muestran-ni-una-sola-prueba-di,Por Irina Hauser,2023-03-09,Vialidad: 1.616 páginas que no muestran ni una sola prueba directa contra Cristina Kirchner,"Del ""caballo de troya"" a la ""prueba indiciaria"" y el ""lawfare"" ","La defensa de la Vicepresidenta apelará la sentencia del TOF 2 ante la Cámara de Casación, y también lo harán los fiscales Diego Luciani y Sergio Mola. ""Es notable que lo central de la acusación de los fiscales desapareció"", dice Beraldi a Página/12. ""El Tribunal no pudo respaldar a los fiscales, y a falta de pruebas directas se basó en indicios"". Los tres argumentos del TOF para justificar la sentencia, y las razones por los que ninguno de ellos se sostiene. ","['Carlos Beraldi', 'Causa Vialidad', 'Lawfare', 'Cristina Fernández de Kirchner', 'Carlos Beraldi', 'Causa Vialidad', 'Lawfare', 'Cristina Fernández de Kirchner']"
14,https://www.pagina12.com.ar/530711-el-papa-dijo-que-esta-dispuesto-a-a-viajar-a-kiev-con-la-con,No se pudo obtener el autor,2023-03-11,El Papa dijo que está dispuesto a a viajar a Kiev con la condición de ir a Moscú,Afirmó que si no puede visitar ambas capitales no irá a ninguna ,"Su intención es ofrecer a los líderes de Ucrania y Rusia el ""servicio de paz"" que promueve el Vaticano para poner fin a la guerra iniciada hace más de un año.","['Papa Francisco', 'Conflicto Rusia Ucrania', 'Vladimir Putin', 'Volodimir Zelenski', 'Papa Francisco', 'Conflicto Rusia Ucrania', 'Vladimir Putin', 'Volodimir Zelenski']"
15,https://www.pagina12.com.ar/530586-posse-insiste-con-las-internas,Por César Pucheta,2023-03-11,Posse insiste con las internas,El intendente busca quedarse con la precandidatura de la UCR,Presentó el jueves un petitorio con más de 30 mil firmas en el que solicita a la conducción partidaria que defina a los aspirantes a la gobernación mediante el voto de los afiliados.  ,"['gustavo posse', 'interna radical', 'UCR', 'provincia de buenos aires', 'Maximiliano Abad', 'Martín Tetaz', 'gustavo posse', 'interna radical', 'UCR', 'provincia de buenos aires', 'Maximiliano Abad', 'Martín Tetaz']"
16,https://www.pagina12.com.ar/530607-un-nene-de-4-anos-fue-baleado-en-la-espalda-en-constitucion-,No se pudo obtener el autor,2023-03-11,Un nene de 4 años fue baleado en la espalda en Constitución y está grave,En horas de la tarde ,Ocurrió durante una pelea entre dos hombres. Uno de los involucrados también resultó herido y el otro terminó detenido. El chico fue trasladado al Hospital Elizalde y su pronóstico es reservado.,"['CABA', 'Inseguridad', 'CABA', 'Inseguridad']"
17,https://www.pagina12.com.ar/530634-la-ultima-misa-en-tierra-bonaerense,Por Luca Fernández,2023-03-11,"La última misa, en tierra bonaerense","A seis años del recital del Indio Solari en Olavarría, el recuerdo en BuenosAires/12","El concierto del Indio Solari estuvo inundado de mística y festejos, pero transitó horas de desolación e incertidumbre. Dos días que quedaron en la historia de la cultura argentina.","['Indio Solari', 'Olavarría', 'Indio Solari', 'Olavarría']"
18,https://www.pagina12.com.ar/530578-alzheimer-cuba-da-un-nuevo-paso-con-un-desarrollo-que-despie,Por Pablo Esteban,2023-03-11,Alzheimer: Cuba da un nuevo paso con un desarrollo que despierta esperanza,Un medicamento nasal para cuadros leves o moderados está en Fase III,"La ciencia de la isla vuelve a sorprender al mundo. Esta vez, con una droga que podría ralentizar el deterioro cognitivo que afrontan los 47 millones de pacientes que padecen esta enfermedad. ","['Alzheimer', 'Cuba', 'Alzheimer', 'Cuba']"
19,https://www.pagina12.com.ar/530363-un-paso-adelante-y-dos-atras,No se pudo obtener el autor,2023-03-10,Un paso adelante y dos atrás,Cierre y habilitación parcial del Paso de San Francisco,Chile pidió otra vez el cierre por problemas con el suministro eléctrico en el área de control de Maricunga.,"['Catamarca', 'Catamarca']"
20,https://www.pagina12.com.ar/suplementos/buenos-aires12,No se pudo obtener el autor,No se pudo obtener la fecha,No se pudo obtener el título,No se pudo obtener el subtitulo,No se pudo obtener el resumen,[]
21,https://www.pagina12.com.ar/humor/rudy_paz/530653,No se pudo obtener el autor,No se pudo obtener la fecha,PAZ - RUDY,No se pudo obtener el subtitulo,No se pudo obtener el resumen,[]
22,https://www.pagina12.com.ar/530039-quintela-define-las-principales-candidaturas-del-fdt-pj,No se pudo obtener el autor,2023-03-09,Quintela define las principales candidaturas del FDT-PJ,7M en La Rioja,El líder del peronismo riojano aspira a su reelección con la unidad de su partido. ,[]
23,https://www.pagina12.com.ar/530669-dos-detenidos-por-el-femicidio-de-lorena-alejandra-cardozo,Por Claudia Ferreyra,2023-03-11,Dos detenidos por el femicidio de Lorena Alejandra Cardozo ,Familiares denuncian hostigamiento y amenazas ,El Ministerio Público Fiscal imputó a dos hombres por el crimen de la joven cuyo cuerpo fue encontrado hace una semana en la zona del vertedero San Javier. Su familia no puede regresar a su vivienda por amenazas y agresiones.,"['#femicidio', '#femicidio']"
24,https://www.pagina12.com.ar/530415-carlos-tevez-se-candidatea-para-dirigir-la-sub-20,No se pudo obtener el autor,2023-03-11,Carlos Tevez se candidatea para dirigir la Sub 20,El exjugador de Boca y exDT de Central admitió que le gustaría trabajar con los seleccionados juveniles,,"['Carlos Tevez', 'Selección Sub 20', 'Carlos Tevez', 'Selección Sub 20']"
25,https://www.pagina12.com.ar/530492-cecilia-zabala-y-maria-ezquiaga-arrancan-el-ciclo-de-concier,Por Sergio Sánchez,2023-03-11,Cecilia Zabala y María Ezquiaga arrancan el ciclo de conciertos Enciende,"El domingo 12 a las 19, en Tai Teatro","Cada domingo de marzo, con diferentes invitadas, versionarán a dúo sus repertorios individuales y abordarán temas de otros autores. ",[]
26,https://www.pagina12.com.ar/524392-espana-sanciona-ley-de-identidad-de-genero,No se pudo obtener el autor,2023-02-16,España sanciona ley de identidad de género,Permitirá el cambio registral solo con la voluntad libremente expresada,"La mayoría del Congreso español aprobó la norma impulsada por el Ministerio de Igualdad que contempla la despatologización de las personas trans, ya que habilita la realización del trámite en el Registro Civil sin necesidad de hormonación, operación ni presentación de un certificado médico desde los 16 años. Asimismo, prohíbe las terapias de conversión y elimina la obligatoriedad a las parejas de mujeres lesbianas y bisexuales de casarse para poder inscribir a sus hijos como propios.","['España', 'Identidad de Género', 'Ley de identidad de género', 'España', 'Identidad de Género', 'Ley de identidad de género']"
27,https://www.pagina12.com.ar/530594-inteligencia-artificial-muerte-o-nueva-vida-del-arte,Por Karina Micheletto,2023-03-11,Inteligencia artificial: ¿muerte o nueva vida del arte?,El debate por el uso de esta nueva tecnología y su impactantes resultados,"Un futuro distópico de libros hechos por máquinas parece haber llegado. El tema se presentó en la Feria del Libro Infantil de Bolonia, incluídos los reclamos de ilustradores por la violació de los derechos de autor que se comete con la flamante tecnología ChatGPT.",[]
28,https://www.pagina12.com.ar/secciones/salta12,No se pudo obtener el autor,No se pudo obtener la fecha,Salta12,No se pudo obtener el subtitulo,No se pudo obtener el resumen,[]
29,https://www.pagina12.com.ar/autores/863-juan-jose-panno,No se pudo obtener el autor,No se pudo obtener la fecha,Juan José Panno,No se pudo obtener el subtitulo,No se pudo obtener el resumen,[]
30,https://www.pagina12.com.ar/autores/84562-claudio-pombinho,No se pudo obtener el autor,No se pudo obtener la fecha,Claudio Pombinho,No se pudo obtener el subtitulo,No se pudo obtener el resumen,[]
31,https://www.pagina12.com.ar/530714-la-historia-los-absorbera,Por Marcelo Rudaeff (Rudy),2023-03-11,La Historia los absorberá,,,[]
32,https://www.pagina12.com.ar/530579-alegria-y-malos-presagios,Por Luis Bruschtein,2023-03-11,Alegría y malos presagios,A 50 años de la elección de Héctor Cámpora tras la proscripción del peronismo,,"['Héctor Cámpora', 'Juan Domingo Perón', 'Héctor Cámpora', 'Juan Domingo Perón']"
33,https://www.pagina12.com.ar/530538-peru,No se pudo obtener el autor,2023-03-11,Perú,Opinión,,"['Pedro Castillo', 'Crisis en Perú', 'latinoamérica', 'Pedro Castillo', 'Crisis en Perú', 'latinoamérica']"
34,https://www.pagina12.com.ar/autores/1048-marcelo-rudaeff-rudy,No se pudo obtener el autor,No se pudo obtener la fecha,Marcelo Rudaeff (Rudy),No se pudo obtener el subtitulo,No se pudo obtener el resumen,[]
35,https://www.pagina12.com.ar/529513-lali-monumental,Por Pablo Mendez Shiff,2023-03-10,Lali monumental,Crónica de un show en Velez sin nada que envidiarle a la Marcha del Orgullo,"A un mes de haber cumplido 20 años de carrera, la artista de 31 años se dio el lujo de llenar su primer Vélez. Postales de una noche de brishitos, arneses y calor popular que no tiene nada que envidiarle a la Marcha del Orgullo.","['Lali Espósito', 'Lali Espósito']"
36,https://www.pagina12.com.ar/529401-nueva-denuncia-por-abuso-sexual-contra-un-cura-catamarqueno,No se pudo obtener el autor,2023-03-07,Nueva denuncia por abuso sexual contra un cura catamarqueño ,Eduardo López Márquez también está acusado por corrupción de niños,"Los
sometía luego de alcoholizarlos. También participaba otro cura ya fallecido de los ultrajes.","['Abuso sexual eclesiástico', 'Abuso sexual eclesiástico']"
37,https://www.pagina12.com.ar/secciones/buenos-aires12,No se pudo obtener el autor,No se pudo obtener la fecha,Buenos Aires12,No se pudo obtener el subtitulo,No se pudo obtener el resumen,[]
38,https://www.pagina12.com.ar/530238-lula-bertoldi-en-argentina-los-colectivos-de-mujeres-y-disid,No se pudo obtener el autor,2023-03-09,"Lula Bertoldi: ""En Argentina los colectivos de mujeres y disidencias son avasalladores""",Entrevista a la cantante y guitarrista de Eruca Sativa en AM750,"En el marco del Día Internacional de la Mujer Trabajadora, la artista santafesina habló de las desigualdades en la industria de la música y en el rock. Además, destacó las conquistas del feminismo en los últimos años: ""Yo veía todo muy utópico y darnos cuenta de que podemos cambiar la realidad es fuertísimo"", contó este miércoles. ","['mujeres músicas', 'Eruca Sativa', 'mujeres músicas', 'Eruca Sativa']"
39,https://www.pagina12.com.ar/530191-el-periplo-solista-de-emi-brancciari-y-mas-shows-para-la-sem,No se pudo obtener el autor,2023-03-09,El periplo solista de Emi Brancciari y más shows para la semana,La agenda del NO | Recitales del jueves 9 al miércoles 15 de marzo,"¿Tenés una fecha? Mandanos día, horario, dirección y quiénes tocan a [email protected], al menos una semana antes.","['Agenda de recitales', 'Música en vivo', 'Música internacional', 'Agenda de recitales', 'Música en vivo', 'Música internacional']"
40,https://www.pagina12.com.ar/528182-el-futuro-de-edesur,Por Marcelo Justo,2023-03-05,¿El futuro de Edesur? ,La recuperación de servicios desde el ámbito municipal,"Hay más de 1600 compañías privadas de servicios en todo el mundo que fueron remunicipalizados. Son sobre todo de agua y energía. Los resultados son servicios más eficientes, más accesibles y menos costosos.","['Edesur', 'Edesur']"
41,https://www.pagina12.com.ar/suplementos/rosario12,No se pudo obtener el autor,No se pudo obtener la fecha,No se pudo obtener el título,No se pudo obtener el subtitulo,No se pudo obtener el resumen,[]
42,https://www.pagina12.com.ar/518456-argentina-1985-y-todas-las-nominadas-a-los-oscar-2023-donde-,No se pudo obtener el autor,2023-03-10,"Premios Oscar 2023: dónde ver todas las películas nominadas en cines, Netflix, Amazon, HBO y Disney+",A días de la ceremonia ,En qué plataforma encontrar las películas nominadas a los Oscar 2023 una por una.,"['Premios Oscar', 'Netflix', 'Disney', 'Argentina, 1985', 'Premios Oscar', 'Netflix', 'Disney', 'Argentina, 1985']"
43,https://www.pagina12.com.ar/autores/1238-sonia-santoro,No se pudo obtener el autor,No se pudo obtener la fecha,Sonia Santoro,No se pudo obtener el subtitulo,No se pudo obtener el resumen,[]
44,https://www.pagina12.com.ar/autores/217648-claudia-ferreyra,No se pudo obtener el autor,No se pudo obtener la fecha,Claudia Ferreyra,No se pudo obtener el subtitulo,No se pudo obtener el resumen,[]
45,https://www.pagina12.com.ar/529505-familiares-y-organizaciones-feministas-exigen-condena-a-el-s,No se pudo obtener el autor,2023-03-07,Familiares y organizaciones feministas exigen condena a El Salvador por el caso de Beatriz,La joven a la que el Estado le negó la interrupción del embarazo para salvar su vida,El próximo 22 y 23 de marzo será el juicio ante la CorteIDH contra el Estado de El Salvador por el caso de Beatriz,"['El Salvador', 'aborto legal', 'El Salvador', 'aborto legal']"
46,https://www.pagina12.com.ar/autores/870-karina-micheletto,No se pudo obtener el autor,No se pudo obtener la fecha,Karina Micheletto,No se pudo obtener el subtitulo,No se pudo obtener el resumen,[]
47,https://www.pagina12.com.ar/secciones/el-mundo,No se pudo obtener el autor,No se pudo obtener la fecha,El mundo,No se pudo obtener el subtitulo,No se pudo obtener el resumen,[]
48,https://www.pagina12.com.ar/530561-voten-por-campora,Por Felipe Yapur,2023-03-11,"""Voten por Cámpora""",,,[]
49,https://www.pagina12.com.ar/530486-alak-presento-el-plan-bonaerense-de-gestion-penitenciaria-en,Por Gastón Garriga,2023-03-11,Alak presentó el plan bonaerense de gestión penitenciaria en Washington,El ministro de Justicia de la Provincia en la CIDH,"A raíz de una denuncia de 2005, la provincia debía exponer sus avances en la materia. Combatir el hacinamiento y ofrecer trabajo y educación, los ejes de la transformación.","['Julio Alak', 'CIDH', 'cárceles bonaerenses', 'Julio Alak', 'CIDH', 'cárceles bonaerenses']"
50,https://www.pagina12.com.ar/secciones/economia,No se pudo obtener el autor,No se pudo obtener la fecha,Economía,No se pudo obtener el subtitulo,No se pudo obtener el resumen,[]
51,https://www.pagina12.com.ar/372547-un-minuto-y-medio-no-se-le-niega-a-nadie-maria-onetto,No se pudo obtener el autor,2021-11-22,Un Minuto y medio no se le niega a nadie | María Onetto,Ciclo de textos leidos,,[]
52,https://www.pagina12.com.ar/529749-empresario-acusado-de-abuso-se-nego-a-declarar,No se pudo obtener el autor,2023-03-08,Empresario acusado de abuso se negó a declarar,A 2 años y 3 meses de la denuncia ,Sergio Coria fue denunciado en 2020 por una empleada de su local y desde entonces la causa es demorada. ,"['Catamarca', 'Abuso sexual', 'Catamarca', 'Abuso sexual']"
53,https://www.pagina12.com.ar/530364-quintela-se-hizo-cargo-de-los-salarios-municipales,No se pudo obtener el autor,2023-03-10,Quintela se hizo cargo de los salarios municipales,Transferencias de recursos ,"Según el Gobierno provincial el municipio aumentó ""la planta de funcionarios"". Desde el municipio sostienen que ""ponen trabas a la gestión y hay asfixia financiera"". ","['La Rioja', 'Ricardo Quintela', 'Inés Brizuela y Doria', 'La Rioja', 'Ricardo Quintela', 'Inés Brizuela y Doria']"
54,https://www.pagina12.com.ar/530720-shakira-y-bizarrap-llegaron-a-la-tv-de-estados-unidos,No se pudo obtener el autor,2023-03-11,Shakira y Bizarrap llegaron a la TV de Estados Unidos,"Cantaron ""BZRP Music Session #53"" en el programa de Jimmy Fallon","El presentador felicitó a Shakira y Bizarrap por el tema ""número uno"" a nivel global. Acumula récords desde su lanzamiento en enero. ","['Shakira', 'Bizarrap', 'Shakira', 'Bizarrap']"
55,https://octubretv.com/videos/artistas-argentinos/marcia-schvartz/,No se pudo obtener el autor,No se pudo obtener la fecha,Access denied,No se pudo obtener el subtitulo,No se pudo obtener el resumen,[]
56,https://www.pagina12.com.ar/530525-argentina-1985-camino-al-oscar-el-restaurante-de-ernestina-p,No se pudo obtener el autor,2023-03-10,"Argentina, 1985 camino al Oscar: el restaurante de Ernestina Pais será la sede del elenco para ver la premiación",Además estarán presentes organismos de derechos humanos,"Este domingo se entrega el máximo galardón de la industria cinematográfica y el filme dirigido por Santiago Mitre es uno de los candidatos a ""Mejor Película Extranjera"". En AM750, la conductora y empresaria reflexionó sobre la repercusión que generó la película: ""Vuelve a instalar de la mejor manera algo que nos tiene que hermanar a todos los argentinos y argentinas"", dijo.","['Premios Oscar 2023', 'Argentina,1985', 'Premios Oscar 2023', 'Argentina,1985']"
57,https://www.pagina12.com.ar/530474-bocha-batista-reemplaza-a-pekerman-en-la-seleccion-de-venezu,No se pudo obtener el autor,2023-03-11,Bocha Batista reemplaza a Pekerman en la selección de Venezuela,El exDT de la Sub 20 de Argentina formaba parte del cuerpo técnico del renunciante,,"['Selección de Venezuela', 'Fernando Batista', 'José Pekerman', 'Selección de Venezuela', 'Fernando Batista', 'José Pekerman']"
58,https://www.pagina12.com.ar/530101-quien-mato-a-anahi-benitez,No se pudo obtener el autor,2023-03-10,¿Quién mató a Anahí Benítez?,Comenzó el segundo juicio por el femicidio en Lomas de Zamora.,"Con un retraso de 3 años y múltiples denuncias por irregularidades. La demanda no es sólo por condenas, necesitan saber de una vez que pasó con Anahí en los cinco días que estuvo desaparecida y por qué la policía no la buscó y se investigó tan mal ¿acaso no todas las vidas importan?","['Femicidios', 'Justicia', 'Femicidios', 'Justicia']"
59,https://www.pagina12.com.ar/530536-la-unlp-busca-abastecerse-al-100-con-energia-solar,No se pudo obtener el autor,2023-03-11,La UNLP busca abastecerse al 100% con energía solar,El proyecto interdisciplinario se calcula estará listo en 2025. ,"Además de bajar la tarifa eléctrica y disminuir la huella de carbono, buscan concientizar a la comunidad educativa. ",[]
60,https://www.pagina12.com.ar/autores/509381-luca-fernandez,No se pudo obtener el autor,No se pudo obtener la fecha,Luca Fernández,No se pudo obtener el subtitulo,No se pudo obtener el resumen,[]
61,https://www.pagina12.com.ar/530200-la-calor,Por Sonia Santoro,2023-03-10,La calor,,,"['ola de calor', 'ola de calor']"
62,https://www.pagina12.com.ar/530218-la-nina-y-el-cambio-climatico-las-causas-que-estan-por-detra,Por Javier Lewkowicz,2023-03-10,"La Niña y el cambio climático, las causas que están por detrás de las olas de calor",Uno de los veranos más calurosos en Argentina,"La extensión de la sequía y su impacto macroeconómico y sectorial, la tensión en la infraestructura eléctrica y en las escuelas son ejemplos del impacto de fenómenos climáticos que serán cada vez más recurrentes.","['ola de calor', 'Cambio climático', 'Sequía', 'Apagón', 'ola de calor', 'Cambio climático', 'Sequía', 'Apagón']"
63,https://www.pagina12.com.ar/530099-entrevista-a-la-musica-y-escritora-trans-lola-bhajan,No se pudo obtener el autor,2023-03-10,Entrevista a la música y escritora trans Lola Bhajan ,"En su libro ""Lola cruda"", aborda la sexualidad adolescente, entre la sordidez y el asombro","Además de propulsora del canto con caja en el circuito queer de Buenos Aires, Lola Bhajan es una escritora trans que pasó del Fotolog al Blog y del Blog a la industria editorial, contando sus travesías sexuales, como vehículo para tratar muchos otros temas. En su primer libro, Lola cruda, aborda la sexualidad adolescente, entre la sordidez y el asombro, con relatos de pibxs que crecen y se transforman. Con sus palabras atraviesa las redes y las transforma en un manifiesto.",[]
64,https://www.pagina12.com.ar/529750-ochy-curiel-el-feminismo-blanco-hegemonico-aun-hoy-asume-que,Por Federico Pita,2023-03-08,"Ochy Curiel: ""El feminismo blanco hegemónico, aún hoy, asume que todas las mujeres somos iguales y que en ese sentido tenemos que luchar solo por cuestiones de género""",8M antirracista,"Rosa Ynés Curiel Pichardo, mejor conocida como Ochy Curiel, es una de las más lúcidas exponentes del feminismo latinoamericano y caribeño. Doctora en Antropología social, cofundadora de Grupo Latinoamericano de Estudios, Formación y Acción Feminista (GLEFAS), cantautora y activista, Ochy Curiel se define como feminista decolonial antirracista, invitándonos a una lectura profunda y compleja sobre los feminismos y la realidad latinoamericana y a seguir politizando la alegría.","['8M', 'Paro de mujeres', 'Día Internacional de la Mujer', '8M', 'Paro de mujeres', 'Día Internacional de la Mujer']"
65,https://www.pagina12.com.ar/530626-el-estado-emprendedor-de-que-se-trata-el-libro-que-recomendo,No se pudo obtener el autor,2023-03-10,"""El Estado Emprendedor"": de qué se trata el libro que recomendó Cristina en su discurso",Clase magistral de CFK en Río Negro,"La vicepresidenta llamó a revisar el acuerdo con el FMI, a fortalecer las exportaciones e invertir en innovación tecnológica. En ese sentido, recomendó la publicación de Mariana Mazzucato, para entender el objetivo y la relevancia del aporte estatal en todos los sectores de la economía social.","['Cristina Fernández de Kirchner', 'Río Negro', 'Cristina Fernández de Kirchner', 'Río Negro']"
66,https://www.pagina12.com.ar/530718-ayn-rand-y-la-rebelion-de-atlas-el-culto-al-ultraindividuali,Por Juan Pablo Csipka,2023-03-11,"Ayn Rand y ""La rebelión de Atlas"": el culto al ultraindividualismo que marcó a la derecha",La novela más famosa de la autora nacida en Rusia glorifica una huelga de empresarios,"La escritora fue recomendada por Mauricio Macri. También, Hugo Biolcati la mencionó en una entrevista. Los randianos insisten con la noción de que escribió el libro más influyente después de la Biblia.","['Neoliberalismo', 'Neoliberalismo']"
67,http://carasycaretas.org.ar/,No se pudo obtener el autor,No se pudo obtener la fecha,Caras y Caretas,31 de diciembre de 1898,No se pudo obtener el resumen,[]
68,https://www.pagina12.com.ar/secciones/catamarca12,No se pudo obtener el autor,No se pudo obtener la fecha,Catamarca12,No se pudo obtener el subtitulo,No se pudo obtener el resumen,[]
69,https://www.pagina12.com.ar/opinion,No se pudo obtener el autor,No se pudo obtener la fecha,No se pudo obtener el título,No se pudo obtener el subtitulo,No se pudo obtener el resumen,[]
70,https://octubretv.com/,No se pudo obtener el autor,No se pudo obtener la fecha,Access denied,No se pudo obtener el subtitulo,No se pudo obtener el resumen,[]
71,https://www.pagina12.com.ar/529442-juan-de-dios-filiberto-10-tangos,No se pudo obtener el autor,2023-03-08,Juan de Dios Filiberto: 10 tangos,,,"['tango', 'tango argentino', 'tango', 'tango argentino']"
72,https://www.pagina12.com.ar/autores/400797-laura-urbano-,No se pudo obtener el autor,No se pudo obtener la fecha,Laura Urbano ,No se pudo obtener el subtitulo,No se pudo obtener el resumen,[]
73,https://www.pagina12.com.ar/530606-sudafrica-reducira-su-embajada-en-israel-a-oficina-de-enlace,No se pudo obtener el autor,2023-03-11,Sudáfrica reducirá su embajada en Israel a oficina de enlace,Denuncia un sistema de apartheid contra palestinos,,"['conflicto palestino israelí', 'Israel', 'Sudáfrica', 'conflicto palestino israelí', 'Israel', 'Sudáfrica']"
74,https://www.pagina12.com.ar/530635-sin-pruebas-pero-sin-dudas,Por Luis Bruschtein,2023-03-11,"“Sin pruebas pero sin dudas”, los insólitos fundamentos para proscribir a Cristina Kirchner  ",Un fallo político que no admite discusión técnica ,"Los fundamentos de la condena a Cristina Kirchner repiten que no tienen pruebas, pero tampoco tienen dudas de los delitos. No tiene sentido el debate técnico porque se trata de un fallo político para proscribir a la vicepresidenta. Para cambiar esta situación habrá que crear hegemonías democráticas, afirmó ella en Río Negro.","['Cristina Kirchner', 'Cristina Kirchner']"
75,https://www.pagina12.com.ar/524358-espana-devuelve-a-las-menores-de-16-y-17-anos-su-derecho-int,No se pudo obtener el autor,2023-02-16,España devuelve a las menores de 16 y 17 años su derecho interrumpir su embarazo sin tutelas,Sí del Congreso a la ley del aborto,"La ampliación de los derechos sexuales y reproductivos de las mujeres fue aprobada con 185 votos a favor, 154 en contra y ninguna abstención en un debate. Parte de la derecha que interrumpió en diversos momentos la intervención de la ministra de Igualdad, Irene Montero.","['Aborto', 'España', 'Aborto', 'España']"
76,https://www.pagina12.com.ar/530551-gabriela-cassano-las-madres-de-plaza-de-mayo-son-un-simbolo-,Por Silvina Friera,2023-03-11,"Gabriela Cassano: ""Las Madres tuvieron la fortaleza que nacía del dolor más inmenso”","Inaugura este sábado la muestra ""Como piedra en el estanque""","En la exposición que se puede ver en el Centro Municipal de Arte de Avellaneda la artista rinde homenaje a las Madres de Plaza de Mayo y a su propia madre. Allí los pequeños objetos -cartas, fotos, un ramo de muguet o el pañal transmutado en pañuelo- “narran lo colectivo, desde lo personal, en un ir y venir entre lo privado y lo público, entre lo individual y lo político”, como plantea la curadora Emilia Demichelis.  ",[]
77,https://www.pagina12.com.ar/autores/5284-marcelo-justo,No se pudo obtener el autor,No se pudo obtener la fecha,Marcelo Justo,No se pudo obtener el subtitulo,No se pudo obtener el resumen,[]
78,https://www.pagina12.com.ar/autores/830-federico-kucher,No se pudo obtener el autor,No se pudo obtener la fecha,Federico Kucher,No se pudo obtener el subtitulo,No se pudo obtener el resumen,[]
79,https://www.pagina12.com.ar/530671-nena-indigena-llego-al-hospital-se-descompenso-y-fallecio,Por Laura Urbano ,2023-03-11,"Nena indígena llegó al Hospital, se descompensó y falleció","Afirman que fue por desatención, el Hospital lo niega",Tuvieron que cambiar el sistema de turnos para evitar la venta de lugares.,"['Hospital de Embarcación', 'Misión La Loma', 'mortalidad infantil', 'Acceso a la salud', 'Hospital de Embarcación', 'Misión La Loma', 'mortalidad infantil', 'Acceso a la salud']"
80,https://www.pagina12.com.ar/527929-meg-baird-la-heroina-silenciosa-del-folk,Por Claudio Pombinho,2023-03-05,"Meg Baird, la heroína silenciosa del folk","Acaba de editarse su nuevo disco, el brillante ""Furling""","Hace dos décadas que esta artista de Filadelfia viene tejiendo una obra que evoca la tradición sin dejar de sumergirse en lo experimental. Surgida de la movida acid folk de comienzos de siglo --Devendra Banhart, Joanna Newsom-- es el secreto mejor guardado de esa camada. ","['folk', 'cantautoras', 'folk', 'cantautoras']"
81,https://www.pagina12.com.ar/528229-el-rescate-del-disco-perdido-de-un-grupo-de-la-segunda-gener,No se pudo obtener el autor,2023-03-05,El rescate del disco perdido de un grupo de la segunda generación del punk argentino,"Treinta y cinco años después de su separación, Descontrol finalmente edita en vinilo su único disco, grabado a fines de 1987","Ausentes del compilado Invasión ’88, se terminaron separando sin llegar a trascender ni dejar testimonio discográfico de su existencia... hasta ahora. Primer grupo de Ariel Minimal, compañeros de generación de Attaque 77 y Sentimiento Incontrolable, la edición permite reconstruir su parte de la historia. ","['punk argentino', 'Attaque 77', 'Ariel Minimal', 'punk argentino', 'Attaque 77', 'Ariel Minimal']"
82,https://www.pagina12.com.ar/autores/237906-melisa-molina,No se pudo obtener el autor,No se pudo obtener la fecha,Melisa Molina,No se pudo obtener el subtitulo,No se pudo obtener el resumen,[]
83,https://www.pagina12.com.ar/528985-formula-1-verstappen-arranco-la-temporada-con-un-triunfo,No se pudo obtener el autor,2023-03-06,Fórmula 1: Verstappen arrancó la temporada con un triunfo,El piloto neerlandés de Red Bull se impuso en el Gran Premio de Baréin,El podio lo completaron el mexicano Checo Pérez (Red Bull) y el español Fernando Alonso (Aston Martin).,"['Fórmula 1', 'Max Verstappen', 'Checo Pérez', 'Fernando Alonso', 'Fórmula 1', 'Max Verstappen', 'Checo Pérez', 'Fernando Alonso']"
84,https://www.pagina12.com.ar/530443-la-ultima-ola-de-calor-rompio-varios-records-cuales-son,No se pudo obtener el autor,2023-03-11,La última ola de calor rompió varios récords ¿cuáles son?,Calor extremo en Argentina ,Se registraron las temperaturas más elevadas de los últimos 62 años.,"['ola de calor', 'smn', 'ola de calor', 'smn']"
85,https://www.pagina12.com.ar/530490-caso-tehuel-de-la-torre-como-sigue-la-causa-y-cuales-son-las,No se pudo obtener el autor,2023-03-11,Caso Tehuel de la Torre: cómo sigue la causa y cuáles son las principales hipótesis de su desaparición ,¿Dónde está Tehuel?,"La familia espera el comienzo del juicio, aunque todavía no tiene fecha. No se sabe nada del joven trans desde el 11 de marzo de 2021. En el marco del segundo aniversario de su desaparición habrá concentraciones y movilizaciones.","['Tehuel De la Torre', 'desaparición', 'identidad trans', 'Tehuel De la Torre', 'desaparición', 'identidad trans']"
86,https://www.pagina12.com.ar/530439-reforma-laboral-entre-el-reclamo-de-las-pymes-y-la-advertenc,No se pudo obtener el autor,2023-03-10,Reforma laboral: entre el reclamo de las pymes y la advertencia de los abogados laboralistas,Debate picante entre Héctor Recalde y el empresario Daniel Rosato,"""Las indemnizacioens son baratas"", afirmó Héctor Recalde, al tiempo que Daniel Rosato, presidente de Industriales Pymes Argentinos, pidió modificar el sistema de contrataciones.","['Daniel Rosato', 'Héctor Recalde', 'Reforma laboral', 'Daniel Rosato', 'Héctor Recalde', 'Reforma laboral']"
87,https://www.pagina12.com.ar/autores/851-irina-hauser,No se pudo obtener el autor,No se pudo obtener la fecha,Irina Hauser,No se pudo obtener el subtitulo,No se pudo obtener el resumen,[]
88,https://www.pagina12.com.ar/autores/882-luis-bruschtein,No se pudo obtener el autor,No se pudo obtener la fecha,Luis Bruschtein,No se pudo obtener el subtitulo,No se pudo obtener el resumen,[]
89,https://www.pagina12.com.ar/530217-el-candombe-te-pega-en-el-pecho-y-tambien-te-pone-piel-de-ga,Por Sergio Sánchez,2023-03-09,"""El candombe te pega en el pecho y también te pone piel de gallina""","Desde el oeste bonaerense, Rompeboinas revisita el género para una nueva camada de oyentes","Su primer disco, Barrio y luna, presenta ocho canciones con espíritu festivo y popular, con la herencia rockera de la zona.",[]
90,https://www.pagina12.com.ar/530597-sonar-primaveras-por-que-para-que,No se pudo obtener el autor,2023-03-11,"Soñar primaveras: ¿Por qué, para qué?",,,[]
91,https://www.pagina12.com.ar/autores/353108-estefania-santoro,No se pudo obtener el autor,No se pudo obtener la fecha, Estefanía Santoro,No se pudo obtener el subtitulo,No se pudo obtener el resumen,[]
92,https://www.pagina12.com.ar/530611-la-quiebra-de-silicon-valley-bank-pone-en-alerta-al-sistema-,Por Federico Kucher,2023-03-11,La quiebra de Silicon Valley Bank pone en alerta al sistema bancario en Estados Unidos,Conmoción financiera por la debacle y el riesgo que se extienda a otras entidades,Silicon Valley Bank se transformó en el banco norteamericano más grande en quebrar desde la crisis financiera de 2008. Días antes también había caído el banco Silvergate que se dedicaba al negocio de las criptomonedas.,"['Estados Unidos', 'Crisis financiera', 'Reserva Federal', 'Estados Unidos', 'Crisis financiera', 'Reserva Federal']"
93,https://www.pagina12.com.ar/530531-caro-y-seco,Por David Cufré,2023-03-11,Caro y seco,"La inflación de marzo apunta al 7 por ciento, la economía terminaría el año en recesión","El agravamiento de la sequía hundirá las exportaciones en no menos de 14 mil millones de dólares. Con menos divisas, se agudizan las tensiones cambiarias, fiscales e inflacionarias. El IPC de marzo quedaría arriba de 7 puntos y la economía podría caer en recesión hacia fin de año. Las trabas con el FMI.","['Sequía', 'Inflación', 'Sequía', 'Inflación']"
94,https://www.pagina12.com.ar/530425-la-tierra-segun-philomena-cunk-ella-es-tan-filosa,Por Javier Aguirre,2023-03-10,La Tierra según Philomena Cunk: ella es tan filosa,"Episodio #116 de Ahí nos vimos, el podcast de cosas para ver del NO",El personaje descerebrado de la TV británica llega a Netflix en un falso documental sobre la historia de la Humanidad.,"['Ahí nos vimos', 'Netflix', 'Ahí nos vimos', 'Netflix']"
95,https://www.pagina12.com.ar/suplementos/soy,No se pudo obtener el autor,No se pudo obtener la fecha,No se pudo obtener el título,No se pudo obtener el subtitulo,No se pudo obtener el resumen,[]
96,https://www.pagina12.com.ar/autores/250-adrian-de-benedictis,No se pudo obtener el autor,No se pudo obtener la fecha,Adrián De Benedictis,No se pudo obtener el subtitulo,No se pudo obtener el resumen,[]
97,http://elplanetaurbano.com/,No se pudo obtener el autor,2023-03-10,"Shakira, si es cuestión de confesar: ""Me he creído esa fábula de que una mujer definitivamente necesita a un hombre""",No se pudo obtener el subtitulo,No se pudo obtener el resumen,[]
98,https://750.am/,No se pudo obtener el autor,No se pudo obtener la fecha,AM 750 | Una señal,No se pudo obtener el subtitulo,No se pudo obtener el resumen,[]
99,https://www.pagina12.com.ar/529471-igualdad-de-genero-en-latinoamerica-avances-y-desafios-en-la,Por Dominique Galeano,2023-03-07,Igualdad de género en Latinoamérica: avances y desafíos en la región, Los principales hitos de los últimos años ,Un informe de ONU Mujeres destaca los avances en la ampliación de derechos y reconoce la creciente violencia política contras las mujeres latinoamericanas.,"['igualdad de género', 'Feminismo', 'aborto legal', 'Colombia', 'Honduras', 'Newsletter Causas', 'igualdad de género', 'Feminismo', 'aborto legal', 'Colombia', 'Honduras', 'Newsletter Causas']"
100,https://www.pagina12.com.ar/autores/1046-roxana-sanda,No se pudo obtener el autor,No se pudo obtener la fecha,Roxana Sandá,No se pudo obtener el subtitulo,No se pudo obtener el resumen,[]
101,https://www.pagina12.com.ar/secciones/publico,No se pudo obtener el autor,No se pudo obtener la fecha,No se pudo obtener el título,No se pudo obtener el subtitulo,No se pudo obtener el resumen,[]
102,https://www.pagina12.com.ar/530512-cfk-en-rio-negro-expectativa-por-la-palabra-de-la-vicepresid,No se pudo obtener el autor,2023-03-11,Acto por Cristina Fernández en Avellaneda: a qué hora hablan hoy Axel Kicillof y Máximo Kirchner,"El plenario de la militancia contra la proscripción, minuto a minuto","Tras la reaparición de la vicepresidenta en Río Negro, los militantes kirchneristas se reúnen en Avellaneda bajo el lema ""Luche y Vuelve, Cristina 2023"". El propósito es organizar la lucha contra proscripción y expresar el ""clamor popular"" para que  desista de su postura de no presentarse como candidata.","['Proscripción', 'Causa Vialidad', 'Cristina Fernández de Kirchner', 'Proscripción', 'Causa Vialidad', 'Cristina Fernández de Kirchner']"
103,https://www.pagina12.com.ar/autores/22584-carlos-heller,No se pudo obtener el autor,No se pudo obtener la fecha,Carlos Heller,No se pudo obtener el subtitulo,No se pudo obtener el resumen,[]
104,https://www.pagina12.com.ar/529880-padro-pascal-un-hermoso-traidor,No se pudo obtener el autor,2023-03-10,"Pedro Pascal, un hermoso traidor",Perfil del actor chileno del momento,"En su ambigüedad -en clave de galán con sensibilidad- reside parte del encanto de Pedro Pascal, el actor chileno del momento. En la ficción encara una y otra vez papeles de héroe de armas tomar. Pero de este lado de la ficción, Pascal resulta, para el modelo de tipo duro, un hermoso traidor.",[]
105,https://www.pagina12.com.ar/530569-miley-cyrus-lanzo-su-octavo-album-endless-summer-vacation,No se pudo obtener el autor,2023-03-11,"Miley Cyrus lanzó su octavo álbum, Endless Summer Vacation","También publicó el video del sencillo ""River"" y un documental junto a Disney+","Tras el éxito mundial de ""Flowers"", la cantante norteamericana estrenó disco este viernes con 13 nuevas canciones. ","['Miley Cyrus', 'Música', 'Miley Cyrus', 'Música']"
106,https://elplanetaurbano.com/2023/03/el-regreso-de-un-clasico-puma-reinvento-las-zapatillas-que-eligieron-celebrities-deportistas-y-musicos-en-los-80/,No se pudo obtener el autor,2021-08-10,"El regreso de un clásico: PUMA reinventó las zapatillas que eligieron celebrities, deportistas y músicos en los `80",No se pudo obtener el subtitulo,No se pudo obtener el resumen,[]
107,https://www.pagina12.com.ar/530422-messi-el-genocidio-y-el-autografo-del-juez-garzon,Por José Luis Lanao,2023-03-11,"Messi, el genocidio y el autógrafo del juez Garzón",,,"['Lionel Messi', 'Baltazar Garzón', 'Lionel Messi', 'Baltazar Garzón']"
108,https://www.pagina12.com.ar/529841-de-papo-campeon-de-fms-a-lo-nuevo-de-marilina-bertoldi,No se pudo obtener el autor,2023-03-08,"Papo campeón de FMS, lo nuevo de Marilina Bertoldi y más","Los #Hashtags del NO | Música nueva y lo mejor para ver, leer, jugar, probar y aprender","Shows lunáticos, clips surrealistas, stand up deforme, efectos especiales, MCs de habla hispana y primeras guitarras vendidas.",[]
109,https://www.pagina12.com.ar/secciones/sociedad,No se pudo obtener el autor,No se pudo obtener la fecha,Sociedad,No se pudo obtener el subtitulo,No se pudo obtener el resumen,[]
110,https://www.pagina12.com.ar/suplementos/libero,No se pudo obtener el autor,No se pudo obtener la fecha,No se pudo obtener el título,No se pudo obtener el subtitulo,No se pudo obtener el resumen,[]
111,https://www.pagina12.com.ar/autores/400-Angel-berlanga,No se pudo obtener el autor,No se pudo obtener la fecha,Ángel Berlanga,No se pudo obtener el subtitulo,No se pudo obtener el resumen,[]
112,https://www.pagina12.com.ar/530562-consejo-de-la-magistratura-declaran-la-nulidad-de-la-designa,No se pudo obtener el autor,2023-03-11,Consejo de la Magistratura: declaran la nulidad de la designación de Martín Doñate,La Justicia admitió el amparo de Luis Juez,,[]
113,https://www.pagina12.com.ar/529601-el-consentimiento-sexual-un-debate-de-largo-aliento,Por Euge Murillo,2023-03-10,El consentimiento sexual: un debate de largo aliento,"Los límites del ""sólo sí es sí""","¿Es posible dar cuenta de la libertad y el entendimiento pleno -condiciones necesarias para que exista el consentimiento- en situaciones en donde está involucrada la sexualidad? ¿Qué sucede en los momentos en los que esos límites no son tan claros?¿Cómo se relacionan la vulnerabilidad y el consentimiento? ¿Cuáles son los relatos en torno al consentimiento que corren el peligro de ser obturados? A la luz y la sombra de los movimientos feministas de la última década, Catalina Tresbisacce y Cecilia Varela analizan los riesgos de considerar al consentimiento como una categoría cristalina.","['#Feminismos', 'Lucía Pérez', '#8M', '#Feminismos', 'Lucía Pérez', '#8M']"
114,https://carasycaretas.org.ar/2023/02/28/el-fin-de-la-primavera/,No se pudo obtener el autor,No se pudo obtener la fecha,Caras y Caretas,No se pudo obtener el subtitulo,No se pudo obtener el resumen,[]
115,https://www.pagina12.com.ar/529053-huracan-y-san-lorenzo-empataron-en-un-clasico-con-poco-brill,Por Adrián De Benedictis,2023-03-06,Huracán y San Lorenzo empataron en un clásico con poco brillo,El reparto de puntos los mantiene a ambos entre los protagonistas,"La intensidad y la fuerza física le terminaron ganando al juego en Parque Patricios. Los goles fueron convertidos por Cóccaro de penal y Elías, ambos en el primer tiempo.","['Huracán', 'San Lorenzo', 'Liga Profesional', 'Huracán', 'San Lorenzo', 'Liga Profesional']"
116,https://www.pagina12.com.ar/530608-ypf-se-puso-como-gran-objetivo-la-exportacion,No se pudo obtener el autor,2023-03-11,YPF se puso como gran objetivo la exportación,Presentación del plan de la empresa en la bolsa de Wall Street,"Con el envión de Vaca Muerta, el gasoducto NK y la expectativa con el offshore, la firma busca cerrar acuerdos con socios para convertirse en proveedor global.","['YPF', 'Vaca Muerta', 'GNL', 'Sergio Massa', 'YPF', 'Vaca Muerta', 'GNL', 'Sergio Massa']"
117,https://www.pagina12.com.ar/530406-el-kirchnerismo-le-respondio-a-anibal-fernandez-por-negar-la,No se pudo obtener el autor,2023-03-10,El kirchnerismo le respondió a Aníbal Fernández por negar la proscripción a Cristina Kirchner,"""Son mezquindades internas""","Por AM750, la ministra de Gobierno bonaerense, Cristina Álvarez Rodríguez, y la presidenta del Instituto Cultural de la Provincia, Florencia Saintout, salieron al cruce del ministro de Seguridad.","['Aníbal Fernández', 'Cristina Kirchner', 'Aníbal Fernández', 'Cristina Kirchner']"
118,https://www.pagina12.com.ar/autores/513992-cesar-pucheta,No se pudo obtener el autor,No se pudo obtener la fecha,César Pucheta,No se pudo obtener el subtitulo,No se pudo obtener el resumen,[]
119,https://www.pagina12.com.ar/530736-pilar-gamboa-el-humor-no-puede-ser-pacato,No se pudo obtener el autor,2023-03-11,"Pilar Gamboa: ""El humor no puede ser pacato""","La actriz cordobesa se incorporó a ""Inferno"" en el Teatro Astros","La intérprete de Sofía Vega en División Palermo dialogó con AM750 sobre la obra de Rafael Spregelburd, la actuación, el humor y el éxito de la comedia argentina para Netflix. ""Fue una fiesta hacer la serie"", contó. ","['División Palermo', 'Netflix', 'teatro argentino', 'División Palermo', 'Netflix', 'teatro argentino']"
120,https://www.pagina12.com.ar/530555-los-actos-relampago,Por Sandra Russo,2023-03-11,Los actos relámpago,La persecución y la intimidad,,"['Héctor Cámpora', 'Juan Domingo Perón', 'Héctor Cámpora', 'Juan Domingo Perón']"
121,https://www.pagina12.com.ar/humor/rep/530652,No se pudo obtener el autor,No se pudo obtener la fecha,REP,No se pudo obtener el subtitulo,No se pudo obtener el resumen,[]
122,https://www.pagina12.com.ar/530544-buenos-aires-motel-el-hospicio-caliente-que-atiende-broke-ca,Por Camila Caamaño,2023-03-10,"Buenos Aires Motel, el hospicio caliente que atiende Broke Carrey","Humor, noche, hoodies y armas blancas en otra gran cosecha discográfica para la RIPGANG","El notable disco llega después de su trío con Dillom e Ill Quentin, su EP autoproducido y sus singles de reggaetón patricio.",[]
123,https://www.pagina12.com.ar/autores/316198-dominique-galeano,No se pudo obtener el autor,No se pudo obtener la fecha,Dominique Galeano,No se pudo obtener el subtitulo,No se pudo obtener el resumen,[]
124,https://www.pagina12.com.ar/530716-frustraron-la-fuga-en-helicoptero-de-uno-de-los-capos-narco-,No se pudo obtener el autor,2023-03-11,Frustraron la fuga en helicóptero de uno de los capos narco de Rosario alojado en el penal de Ezeiza,Hay tres detenidos,"El plan llevaba más de seis meses de planificación. Esteban Lindor Alvarado cumple una condena de prisión perpetua por liderar desde la cárcel una asociación ilícita que entre 2012 y 2018 se dedicó a cometer homicidios, amenazas, extorsiones y balaceras. ","['Narcotráfico', 'Rosario', 'Narcotráfico', 'Rosario']"
125,https://www.pagina12.com.ar/530623-hoy-se-conoce-el-veredicto-docente,No se pudo obtener el autor,2023-03-11,Hoy se conoce el veredicto docente,Los estatales de UPCN y ATE aceptaron el aumento,"Los estatales aceptaron la propuesta del gobierno. Hoy define Amsafé, el lunes Sadop y el miércoles AMRA y Siprus.",[]
126,https://www.pagina12.com.ar/530542-la-vocacion-de-encanar-al-peronismo,Por Alejandra Dandan,2023-03-11,La vocación de encanar al peronismo ,Perón en el retorno y la Justicia,,"['Héctor Cámpora', 'Juan Domingo Perón', 'Héctor Cámpora', 'Juan Domingo Perón']"
127,https://www.pagina12.com.ar/edicion-impresa,No se pudo obtener el autor,No se pudo obtener la fecha,Edición Impresa,No se pudo obtener el subtitulo,No se pudo obtener el resumen,[]
128,https://www.pagina12.com.ar/530670-nos-pronunciamos-por-la-liberacion-contra-la-dependencia,Por Elena Corvalan,2023-03-11,"""Nos pronunciamos por la liberación, contra la dependencia""","La vigencia del pensamiento de Miguel Ragone, a 47 años de su secuestro","La afirmación es parte de su discurso de asunción, el 25 de mayo de 1973. Hoy también se cumplen 50 de su triunfo electoral, en la línea de Héctor Cámpora. ","['Miguel Ragone', 'Miguel Ragone']"
129,https://www.pagina12.com.ar/530577-el-misterio-de-los-inventados-los-ojos-de-mariana-paraway-y-,No se pudo obtener el autor,2023-03-10,"El misterio de Los inventados, los ojos de Mariana Päraway, y más","Los #Hashtags del NO | Música nueva y lo mejor para ver, leer, jugar, probar y aprender","Pibas cancioneras, vacaciones pop, escuelas de funk, centros de belleza, preventas agotadas y viajes de fin de curso gratis.",[]
130,https://www.pagina12.com.ar/530732-primer-round-para-el-ciclo-de-unipersonales-el-ringo,Por Carolina Prieto,2023-03-11,"Primer round para el ciclo de unipersonales ""El Ringo""",Desde este sábado en el Conventillo Cultural Abasto,"Ideado por el actor, titiritero e integrante del Grupo de Teatro Catalinas Sur Gonzalo Guevara, y con el recuerdo de Bonavena como figura tutelar, el encuentro combinará distintos géneros y lenguajes. El ciclo incluirá cuatro espectáculos y arrancará este sábado a las 16  con Diversas historias diversas, de Gilda Arteta.",[]
131,https://www.pagina12.com.ar/336994-musica-esencial-melina-sol,No se pudo obtener el autor,2021-04-21,Música Esencial: Melina Sol,Un ciclo donde lo esencial no es invisible a los ojos: la música ,,"['música esencial', 'música esencial']"
132,https://www.pagina12.com.ar/suplementos/radar,No se pudo obtener el autor,No se pudo obtener la fecha,No se pudo obtener el título,No se pudo obtener el subtitulo,No se pudo obtener el resumen,[]
133,https://www.pagina12.com.ar/530731-aysa-recomienda-el-uso-responsable-del-agua-para-evitar-el-d,No se pudo obtener el autor,2023-03-11,AySA recomienda el uso responsable del agua para evitar el derroche,Ola de calor en la Provincia,"Las altas temperaturas generan una mayor demanda, por lo que la empresa solicita ""priorizar los usos esenciales"".","['AySA', 'ola de calor', 'provincia de buenos aires', 'AySA', 'ola de calor', 'provincia de buenos aires']"
134,https://www.pagina12.com.ar/406542-dia-de-la-mujer-por-que-se-conmemora-el-8-m,No se pudo obtener el autor,2023-03-07,Día Internacional de la Mujer: ¿por qué se conmemora el 8 de marzo?,Movilizaciones por el 8M en Argentina,Habrá movilizaciones en todo el país para recordar las luchas feministas. También está convocado un Paro Internacional de Mujeres.,"['8M', 'Día Internacional de la Mujer', 'Paro de mujeres', '8M', 'Día Internacional de la Mujer', 'Paro de mujeres']"
135,https://www.pagina12.com.ar/pirulo/530654,No se pudo obtener el autor,No se pudo obtener la fecha,Pirulo de tapa,No se pudo obtener el subtitulo,No se pudo obtener el resumen,[]
136,https://www.pagina12.com.ar/530143-viva-la-huelga-feminista,Por Estefanía Santoro,2023-03-10,¡Viva la huelga feminista!,8M,"Séptimo paro y movilización transfeminista. Recuperar la historia para transformar el 8 de marzo en lo que siempre fue: un día de lucha. Las calles volvieron a ser espacio de rebelión y de conexión entre luchas diversas -desde la soberanía alimentaria hasta la ley de humedales, desde salarios dignos para trabajadoras de casas particulares hasta reconocimiento de las tareas de cuidado como trabajo, desde el orgullo disca a la libertad sexual, desde la reparación histórica a travestis y trans perseguides por la policía hasta el reconocimiento del trabajo sexual; y la lista nunca se termina. En medio de la precariedad de la crisis económica permanente la potencia de no abandonar un espacio de lucha que también fue una fiesta de
abrazos y bailes. ","['8 de Marzo', 'deuda y feminismos', 'Huelga feminista', 'Violencia sexual', '8 de Marzo', 'deuda y feminismos', 'Huelga feminista', 'Violencia sexual']"
137,https://elplanetaurbano.com/2023/03/fila-te-anticipa-cuales-seran-los-shows-mas-calientes-de-lollapalooza-argentina-2023/,No se pudo obtener el autor,2021-08-10,FILA te anticipa cuáles serán los shows más calientes de Lollapalooza Argentina 2023,No se pudo obtener el subtitulo,No se pudo obtener el resumen,[]
138,https://www.pagina12.com.ar/530483-ellos-saben-donde-esta-otra-vez-marzo,No se pudo obtener el autor,2023-03-11,Ellos saben dónde está (otra vez marzo),,,[]
139,https://www.pagina12.com.ar/529864-tras-los-pasos-del-che-como-cruzar-los-andes-pero-en-bicicle,Por Juan Ignacio Provéndola,2023-03-08,Tras los pasos del Che: cómo cruzar Los Andes (pero en bicicleta),Verano caliente #34 | La ruta elegida por Guevara y Granado en su célebre viaje en moto,"Un viaje de 64 kilómetros desde Puerto Pañuelo, a orillas del Nahuel Huapi, hasta quedar de cara al volcán Osorno, en Chile.","['Cordillera de los Andes', 'Che Guevara', 'Cordillera de los Andes', 'Che Guevara']"
140,https://www.pagina12.com.ar/530722-la-aduana-secuestro-16-toneladas-de-mercaderia-en-el-puerto-,No se pudo obtener el autor,2023-03-11,La Aduana secuestró 16 toneladas de mercadería en el puerto de Buenos Aires,El contrabando detectado es por 721 mil dólares,"El contenedor, proveniente de Shanghái, estaba a nombre de la empresa Cereal Business Trade S.A., que había declarado una carga de 574 bultos con gabinetes de PC. Tenía ropa deportiva, depiladoras y anteojos de sol. ","['Aduana', 'Aduana']"
141,https://www.pagina12.com.ar/suplementos/cash,No se pudo obtener el autor,No se pudo obtener la fecha,No se pudo obtener el título,No se pudo obtener el subtitulo,No se pudo obtener el resumen,[]
142,https://www.pagina12.com.ar/528538-el-combate-a-la-inflacion-con-una-estrategia-gradual,Por Carlos Heller,2023-03-05,El combate a la inflación con una estrategia  gradual,El problema de los aumentos de precios es mundial,"La mayoría de los países elige elevar la tasa de interés para provocar una desaceleración de la economía hasta desembocar, en muchos casos, en recesión para bajar la tasa de inflación. El gobierno de Alberto Fernández elude las propuestas de shock que implicarían un ajuste con costos sociales, y opta por una política gradualista de reducción de la inflación.","['Inflación', 'Alberto Fernández', 'tasa de interés', 'Inflación', 'Alberto Fernández', 'tasa de interés']"
143,https://www.pagina12.com.ar/530614-un-acto-sin-ella-pero-por-ella,No se pudo obtener el autor,No se pudo obtener la fecha,429 Too Many Requests,No se pudo obtener el subtitulo,No se pudo obtener el resumen,[]
144,https://carasycaretas.org.ar/web-stories/teatro-colon/,No se pudo obtener el autor,No se pudo obtener la fecha,No se pudo obtener el título,No se pudo obtener el subtitulo,No se pudo obtener el resumen,[]
145,https://www.pagina12.com.ar/529199-mujeres-exigen-justicia-por-femicidios-y-desapariciones-en-m,No se pudo obtener el autor,2023-03-06,Mujeres exigen justicia por femicidios y desapariciones en México,Más de 27 mil mujeres y niñas fueron asesinadas entre 2015 y 2022,Movilización en Ciudad Juárez a días del Día Internacional de la Mujer,"['femicidio', 'México', '#8M', 'femicidio', 'México', '#8M']"
146,https://www.pagina12.com.ar/530524-retegui-jugara-para-la-seleccion-italiana,No se pudo obtener el autor,2023-03-11,Retegui jugará para la selección italiana,El presidente de Tigre confirmó que el goleador aceptó la convocatoria,,"['Mateo Retegui', 'Selección de Italia', 'Tigre', 'Mateo Retegui', 'Selección de Italia', 'Tigre']"
147,https://www.pagina12.com.ar/530637-la-censura-llego-hace-rato,Por Sergio Olguín,2023-03-11,La censura llegó hace rato,,,[]
148,https://www.pagina12.com.ar/530709-clima-en-buenos-aires-el-pronostico-del-tiempo-para-este-sab,No se pudo obtener el autor,No se pudo obtener la fecha,429 Too Many Requests,No se pudo obtener el subtitulo,No se pudo obtener el resumen,[]
149,https://www.pagina12.com.ar/530567-de-visitante-se-nos-hace-todo-mas-dificil,No se pudo obtener el autor,2023-03-11,"""De visitante se nos hace todo más difícil""",Autocrítica de Heinze por el rendimiento de Newell's ,"La Lepra acumula derrotas consecutivas fuera de casa y el lunes se presenta en casa de Colón. ""Vamos a ir a buscar un buen resultado"", adelantó. El equipo no tendrá cambios.",[]
150,https://octubretv.com/videos/peliculas/mujeres-invisibles/,No se pudo obtener el autor,No se pudo obtener la fecha,Access denied,No se pudo obtener el subtitulo,No se pudo obtener el resumen,[]
151,https://www.pagina12.com.ar/530630-juicio-politico-a-la-corte-una-nueva-cita-para-carlos-storne,Por María Cafferata,2023-03-11,"Juicio político a la Corte: Una nueva cita para Carlos Stornelli, bajo amenaza de desafuero",El fiscal fue convocado por Diputados para el próximo martes,"La Comisión de Juicio Político convocó por segunda vez al fiscal Carlos Stornelli en el marco de la investigación sobre los jueces supremos. La presidenta de la comisión, Carolina Gaillard, le solicitó al procurador interino, Eduardo Casal, que ""se instrumenten los mecanismos para garantizar la presencia del fiscal bajo apercibimiento de iniciar el procedimiento de desafuero para que concurra por la fuerza pública"". Mientras tanto, los diputados llamaron también a declarar a dos abogados que reconocieron la veracidad de los chats filtrados que involucran al ministro porteño Marcelo D'Alessandro y al operador de la Corte Silvio Robles.","['Juicio político a la Corte Suprema', 'Carlos Stornelli', 'Juicio político a la Corte Suprema', 'Carlos Stornelli']"
152,https://www.pagina12.com.ar/528217-se-edita-soriano-una-historia,Por Ángel Berlanga,2023-03-05,"""Soriano - Una historia"", la entrañable vida del escritor más popular y querido de los últimos tiempos",El hombre que hablaba con los gatos,"A 80 años de su nacimiento, se publica la primera biografía del autor de ""Cuarteles de invierno"" y ""Triste, solitario y final"", además piedra fundamental de Página/12. Escrita por el periodista Ángel Berlanga, se sustenta en una recorrida por su obra literaria, sus escritos en la prensa, decenas de reportajes, las polémicas que encarnó, su correspondencia y charlas con quienes lo conocieron.","['Osvaldo Soriano', 'Osvaldo Soriano']"
153,https://www.pagina12.com.ar/526659-la-familia-de-malcom-x-demanda-a-la-cia-el-fbi-y-la-policia-,No se pudo obtener el autor,No se pudo obtener la fecha,429 Too Many Requests,No se pudo obtener el subtitulo,No se pudo obtener el resumen,[]
154,https://www.pagina12.com.ar/530631-se-realiza-el-plenario-de-la-militancia-para-organizar-la-lu,No se pudo obtener el autor,No se pudo obtener la fecha,429 Too Many Requests,No se pudo obtener el subtitulo,No se pudo obtener el resumen,[]
155,https://www.pagina12.com.ar/530657-atentado-a-cfk-intento-conjunto-para-evitar-que-el-atentado-,No se pudo obtener el autor,No se pudo obtener la fecha,429 Too Many Requests,No se pudo obtener el subtitulo,No se pudo obtener el resumen,[]
156,https://www.pagina12.com.ar/530610-queremos-a-los-chicos-jugando-en-la-plaza,No se pudo obtener el autor,No se pudo obtener la fecha,429 Too Many Requests,No se pudo obtener el subtitulo,No se pudo obtener el resumen,[]
157,https://www.pagina12.com.ar/autores/129220-pablo-mendez-shiff,No se pudo obtener el autor,No se pudo obtener la fecha,Pablo Mendez Shiff,No se pudo obtener el subtitulo,No se pudo obtener el resumen,[]
158,https://www.pagina12.com.ar/530641-hector-campora-la-lealtad-y-el-pacto-social,No se pudo obtener el autor,2023-03-11,"Héctor Cámpora, la lealtad y el Pacto Social",,,"['Héctor Cámpora', 'Juan Domingo Perón', 'Héctor Cámpora', 'Juan Domingo Perón']"
159,https://www.pagina12.com.ar/autores/651-david-cufre,No se pudo obtener el autor,No se pudo obtener la fecha,David Cufré,No se pudo obtener el subtitulo,No se pudo obtener el resumen,[]
160,https://www.pagina12.com.ar/528303-el-capitalismo-de-la-ley-del-99-por-ciento-para-el-1-por-cie,No se pudo obtener el autor,No se pudo obtener la fecha,429 Too Many Requests,No se pudo obtener el subtitulo,No se pudo obtener el resumen,[]
161,https://www.pagina12.com.ar/530547-iran-y-arabia-saudita-reestablecieron-relaciones-diplomatica,No se pudo obtener el autor,No se pudo obtener la fecha,429 Too Many Requests,No se pudo obtener el subtitulo,No se pudo obtener el resumen,[]
162,https://www.pagina12.com.ar/530365-multitudinaria-marcha-de-8-m-en-la-rioja,No se pudo obtener el autor,No se pudo obtener la fecha,429 Too Many Requests,No se pudo obtener el subtitulo,No se pudo obtener el resumen,[]
163,https://www.pagina12.com.ar/autores/490642-gaston-garriga,No se pudo obtener el autor,No se pudo obtener la fecha,Gastón Garriga,No se pudo obtener el subtitulo,No se pudo obtener el resumen,[]
164,https://www.pagina12.com.ar/530618-sentada-de-estudiantes-por-los-alacranes-en-el-lenguitas,No se pudo obtener el autor,No se pudo obtener la fecha,429 Too Many Requests,No se pudo obtener el subtitulo,No se pudo obtener el resumen,[]
165,https://www.pagina12.com.ar/529622-salud-integral-garantizada-una-urgencia-para-las-carceles-de,No se pudo obtener el autor,No se pudo obtener la fecha,429 Too Many Requests,No se pudo obtener el subtitulo,No se pudo obtener el resumen,[]
166,https://www.pagina12.com.ar/530621-el-asesino-se-suicido-y-era-un-exmiembro-del-grupo,No se pudo obtener el autor,No se pudo obtener la fecha,429 Too Many Requests,No se pudo obtener el subtitulo,No se pudo obtener el resumen,[]
167,https://www.pagina12.com.ar/530528-vincent-cassel-no-tenes-que-ser-inteligente-para-ser-actor,No se pudo obtener el autor,No se pudo obtener la fecha,429 Too Many Requests,No se pudo obtener el subtitulo,No se pudo obtener el resumen,[]
168,https://www.pagina12.com.ar,No se pudo obtener el autor,No se pudo obtener la fecha,Página 12,No se pudo obtener el subtitulo,No se pudo obtener el resumen,[]
169,https://www.pagina12.com.ar/529443-teofilo-ibanez-una-voz-inolvidable,No se pudo obtener el autor,No se pudo obtener la fecha,429 Too Many Requests,No se pudo obtener el subtitulo,No se pudo obtener el resumen,[]
170,https://www.pagina12.com.ar/secciones/audiovisuales,No se pudo obtener el autor,No se pudo obtener la fecha,Audiovisuales,No se pudo obtener el subtitulo,No se pudo obtener el resumen,[]
171,https://www.pagina12.com.ar/530522-el-buenos-aires-lawn-tennis-volvera-a-albergar-un-challenger,No se pudo obtener el autor,2023-03-11,El Buenos Aires Lawn Tennis volverá a albergar un Challenger después de 10 años,Se disputará del 24 al 30 de abril y será de la categoría 50,,"['Tenis', 'Buenos Aires Lawn Tennis', 'Tenis', 'Buenos Aires Lawn Tennis']"
172,https://www.pagina12.com.ar/autores/262589-jose-luis-lanao,No se pudo obtener el autor,No se pudo obtener la fecha,José Luis Lanao,No se pudo obtener el subtitulo,No se pudo obtener el resumen,[]
173,https://www.pagina12.com.ar/530541-xi-jinping-logro-su-tercer-mandato-en-china,No se pudo obtener el autor,No se pudo obtener la fecha,429 Too Many Requests,No se pudo obtener el subtitulo,No se pudo obtener el resumen,[]
174,https://www.pagina12.com.ar/529900-que-nos-deja-la-historia-de-las-gemelas-argentinas-en-barcel,No se pudo obtener el autor,No se pudo obtener la fecha,429 Too Many Requests,No se pudo obtener el subtitulo,No se pudo obtener el resumen,[]
175,https://www.pagina12.com.ar/autores/398327-marce-butierrez,No se pudo obtener el autor,No se pudo obtener la fecha,429 Too Many Requests,No se pudo obtener el subtitulo,No se pudo obtener el resumen,[]
176,https://www.pagina12.com.ar/529014-liga-profesional-instituto-le-aguo-la-fiesta-a-independiente,Por Juan José Panno,2023-03-06,Liga Profesional: Instituto le aguó la fiesta a Independiente en Avellaneda,El equipo de Stillitano ganaba 2 a 0 y los cordobeses se lo empataron ,"Los hinchas, decepcionados, despidieron al equipo de Stillitano con silbidos. El Rojo sigue sin poder ganar en su cancha en lo que va del torneo.","['Liga Profesional 2023', 'Club Atlético Independiente', 'Instituto de Córdoba', 'Liga Profesional 2023', 'Club Atlético Independiente', 'Instituto de Córdoba']"
177,https://www.pagina12.com.ar/528154-soci-s-de-pagina-12-presento-ciclo-charlas-julian-varsavsky-,No se pudo obtener el autor,No se pudo obtener la fecha,429 Too Many Requests,No se pudo obtener el subtitulo,No se pudo obtener el resumen,[]
178,https://www.pagina12.com.ar/526326-daniel-reyes-esto-de-la-murga-siempre-lo-tuvimos-en-nuestra-,No se pudo obtener el autor,No se pudo obtener la fecha,429 Too Many Requests,No se pudo obtener el subtitulo,No se pudo obtener el resumen,[]
179,https://www.pagina12.com.ar/530655-cristina-kirchner-no-hay-ninguna-prueba-solo-un-objetivo-la-,No se pudo obtener el autor,No se pudo obtener la fecha,429 Too Many Requests,No se pudo obtener el subtitulo,No se pudo obtener el resumen,[]
180,https://www.pagina12.com.ar/suplementos/las12,No se pudo obtener el autor,No se pudo obtener la fecha,429 Too Many Requests,No se pudo obtener el subtitulo,No se pudo obtener el resumen,[]
181,https://www.pagina12.com.ar/autores/1998-julian-varsavsky,No se pudo obtener el autor,No se pudo obtener la fecha,Julián Varsavsky,No se pudo obtener el subtitulo,No se pudo obtener el resumen,[]
182,https://www.pagina12.com.ar/530725-juliana-di-tullio-a-la-unica-que-quieren-matar-o-proscribir-,No se pudo obtener el autor,2023-03-11,"Juliana di Tullio: ""A la única que quieren matar o proscribir es a Cristina Kirchner""",La senadora habló tras el discurso de la Vicepresidenta en Río Negro,"En AM750, la legisladora reiteró su deseo de que la expresidenta se presente en las próximas elecciones y aseguró que el PJ ""tiene espalda"" para acompañar la candidatura de CFK. Además, se refirió a los fundamentos del TOF 2, la deuda con el FMI y el off the record de Alberto Fernández.  ","['Cristina Fernández de Kirchner', 'Deuda FMI', 'Causa Vialidad', 'Cristina Fernández de Kirchner', 'Deuda FMI', 'Causa Vialidad']"
183,https://www.pagina12.com.ar/secciones/la-rioja12,No se pudo obtener el autor,No se pudo obtener la fecha,La Rioja12,No se pudo obtener el subtitulo,No se pudo obtener el resumen,[]
184,https://www.pagina12.com.ar/530487-el-cantautor-gabriel-torres-adelantara-nuevas-creaciones-en-,No se pudo obtener el autor,No se pudo obtener la fecha,429 Too Many Requests,No se pudo obtener el subtitulo,No se pudo obtener el resumen,[]
185,https://www.pagina12.com.ar/528403-lucio-demare-tangos-en-su-piano-magico,No se pudo obtener el autor,2023-03-07,Lucio Demare: tangos en su piano mágico,,A 49 años de su partida,"['tango', 'tango']"
